<?xml version="1.0" encoding="UTF-8"?><rss version="2.0"
	xmlns:content="http://purl.org/rss/1.0/modules/content/"
	xmlns:wfw="http://wellformedweb.org/CommentAPI/"
	xmlns:dc="http://purl.org/dc/elements/1.1/"
	xmlns:atom="http://www.w3.org/2005/Atom"
	xmlns:sy="http://purl.org/rss/1.0/modules/syndication/"
	xmlns:slash="http://purl.org/rss/1.0/modules/slash/"
	>

<channel>
	<title>console &#8211; GameX</title>
	<atom:link href="http://localhost/woocommerce2/tag-prodotto/console/feed/?simply_static_page=201" rel="self" type="application/rss+xml" />
	<link></link>
	<description></description>
	<lastBuildDate>Tue, 21 Mar 2023 14:59:33 +0000</lastBuildDate>
	<language>it-IT</language>
	<sy:updatePeriod>
	hourly	</sy:updatePeriod>
	<sy:updateFrequency>
	1	</sy:updateFrequency>
	<generator>https://wordpress.org/?v=6.1.1</generator>
	<item>
		<title>Xbox Series X</title>
		<link>/prodotto/xbox-series-x/</link>
					<comments>/prodotto/xbox-series-x/#respond</comments>
		
		<dc:creator><![CDATA[samuele]]></dc:creator>
		<pubDate>Tue, 21 Mar 2023 14:59:33 +0000</pubDate>
				<guid isPermaLink="false">/?post_type=product#038;p=57</guid>

					<description><![CDATA[Console da gaming Xbox Series X dotata di controller]]></description>
										<content:encoded><![CDATA[<ul class="a-unordered-list a-vertical a-spacing-mini">
<li><span class="a-list-item">Arriva la nuova Xbox Series X, la console Xbox più veloce e potente di sempre. Gioca a migliaia di titoli di quattro generazioni di console: tutti i giochi hanno un aspetto e una riproduzione ottimali su Xbox Series X</span></li>
<li><span class="a-list-item">Sperimenta velocità e prestazioni di nuova generazione grazie a Xbox Velocity Architecture, con SSD personalizzata e software integrato</span></li>
<li><span class="a-list-item">Gioca a migliaia di giochi di quattro generazioni di Xbox con retrocompatibilità, inclusi titoli ottimizzati al momento del lancio</span></li>
<li><span class="a-list-item">Xbox Game Pass Ultimate include oltre 100 giochi di alta qualità per console, PC, dispositivi mobili Android, multiplayer online, e un abbonamento EA Play ad un prezzo mensile ridotto (abbonamento venduto separatamente</span></li>
<li><span class="a-list-item">La Consegna intelligente Xbox ti consente di giocare con la versione migliore del tuo gioco, indipendentemente dalla console che usi</span></li>
</ul>
]]></content:encoded>
					
					<wfw:commentRss>/prodotto/xbox-series-x/feed/</wfw:commentRss>
			<slash:comments>0</slash:comments>
		
		
			</item>
		<item>
		<title>PlayStation 5</title>
		<link>/prodotto/hoodie-with-logo-2/</link>
					<comments>/prodotto/hoodie-with-logo-2/#respond</comments>
		
		<dc:creator><![CDATA[samuele]]></dc:creator>
		<pubDate>Tue, 21 Mar 2023 14:52:16 +0000</pubDate>
				<guid isPermaLink="false">/prodotto/hoodie-with-logo-2/</guid>

					<description><![CDATA[Console da gaming Play station 5 dotata di controller]]></description>
										<content:encoded><![CDATA[<ul class="a-unordered-list a-vertical a-spacing-mini">
<li><span class="a-list-item">I membri Prime hanno accesso prioritario a PlayStation 5 fino al 30 Settembre 2022</span></li>
<li><span class="a-list-item">Lasciati stupire dalla grafica incredibile e prova le nuove funzionalità di PS5.</span></li>
<li><span class="a-list-item">Scopri un&#8217;esperienza di gioco più profonda con supporto per feedback tattile, trigger adattivi e tecnologia audio 3DRay Tracing &#8211; Immergiti in mondi che offrono un livello di realismo senza precedenti, con ogni raggio di luce simulato individualmente, creando effetti di ombre e riflessi ultra realistici sui giochi PS5 compatibili.</span></li>
<li><span class="a-list-item">Fino a 120 FPS con uscita a 120 Hz &#8211; Goditi un gameplay fluido con frame rate elevato fino a 120 FPS per giochi compatibili, con supporto per l&#8217;uscita a 120 Hz su display 4KTecnologia HDR &#8211; Su una TV HDR, i giochi PS5 compatibili mostrano una gamma di colori vivaci e realistici.</span></li>
<li><span class="a-list-item">Uscita 8K – Le console PS5 supportano l&#8217;uscita 8K, permettendoti di giocare sul tuo display 4320pFeedback tattile &#8211; Prova il feedback tattile tramite il controller wireless DualSense mentre giochi a determinati giochi per PS5 e senti gli effetti e l&#8217;impatto delle tue azioni di gioco attraverso il feedback sensoriale dinamico.</span></li>
<li><span class="a-list-item">Trigger adattivi: fai i conti con i trigger adattivi coinvolgenti e i loro livelli di resistenza dinamica che simulano l&#8217;impatto fisico delle tue azioni di gioco in alcuni titoli PS5 .</span></li>
<li><span class="a-list-item">Prova un caricamento ultra rapido con un&#8217;unità SSD ad altissima velocità, un coinvolgimento ancora maggiore grazie al supporto per il feedback aptico, ai grilletti adattivi e all&#8217;audio 3D e scopri una nuova generazione di incredibili giochi PlayStation.</span></li>
</ul>
]]></content:encoded>
					
					<wfw:commentRss>/prodotto/hoodie-with-logo-2/feed/</wfw:commentRss>
			<slash:comments>0</slash:comments>
		
		
			</item>
	</channel>
</rss>
